"","Similarity","Mutations","Mutation_Frequency","Transitions","Transversions","TT_ratio","Gaps","Insertions","Deletions","CDS_Similarity","CDS_Mutations","CDS_Mutation_Frequency","CDS_Transitions","CDS_Transversions","CDS_TT_ratio","CDS_Gaps","CDS_Insertions","CDS_Deletions","nonCDS_Similarity","nonCDS_Mutations","nonCDS_Mutation_Frequency","nonCDS_Transitions","nonCDS_Transversions","nonCDS_TT_ratio","nonCDS_Gaps","nonCDS_Insertions","nonCDS_Deletions"
"sequence_1999",0.932200538358008,2418,0.0677994616419919,1186,814,1.45700245700246,418,287,131,0.938789816061014,2183,0.0670269274463447,1113,772,1.44170984455959,298,193,105,0.993410722296994,235,0.0759289176090469,73,42,1.73809523809524,120,94,26
"sequence_2004",0.952192687303724,1705,0.0478073126962764,836,488,1.71311475409836,381,33,348,0.95897824136384,1463,0.0449200159661027,764,444,1.72072072072072,255,30,225,0.993214445939883,242,0.0781906300484653,72,44,1.63636363636364,126,3,123
"sequence_2006",0.930377972184836,2483,0.0696220278151637,1216,909,1.33773377337734,358,259,99,0.934892328398385,2322,0.0712947895237803,1158,859,1.34807916181607,305,211,94,0.995485643786451,161,0.0520193861066236,58,50,1.16,53,48,5
"sequence_2008",0.997532525796321,88,0.00246747420367878,3,4,0.75,81,66,15,0.999607447285778,14,0.000429856612115816,3,3,1,8,0,8,0.997925078510543,74,0.0239095315024233,0,1,0,73,66,7
"sequence_2010",0.998513907581875,53,0.00148609241812472,0,2,0,51,1,50,0.999971960520413,1,3.07040437225583e-05,0,0,0,1,1,0,0.998541947061462,52,0.0168012924071082,0,2,0,50,0,50
"sequence_2012",0.999719605204127,10,0.000280394795872589,1,2,0.5,7,3,4,0.999859802602064,5,0.000153520218612791,1,2,0.5,2,2,0,0.999859802602064,5,0.00161550888529887,0,0,0,5,1,4
"sequence_2014",0.932565051592642,2405,0.0674349484073576,1192,820,1.45365853658537,393,265,128,0.938565500224316,2191,0.0672725597961251,1119,779,1.43645699614891,293,188,105,0.993999551368327,214,0.0691437802907916,73,41,1.78048780487805,100,77,23
"sequence_2016",0.999214894571557,28,0.000785105428443248,9,7,1.28571428571429,12,10,2,0.999299013010319,25,0.000767601093063957,7,7,1,11,10,1,0.999915881561238,3,0.000969305331179321,2,0,0,1,0,1
"sequence_2018",0.99907469717362,33,0.000925302826379542,1,3,0.333333333333333,29,16,13,0.999635486765366,13,0.000399152568393257,0,1,0,12,1,11,0.999439210408255,20,0.00646203554119548,1,2,0.5,17,15,2
