"","Similarity","Mutations","Mutation_Frequency","Transitions","Transversions","TT_ratio","Gaps","Insertions","Deletions","CDS_Similarity","CDS_Mutations","CDS_Mutation_Frequency","CDS_Transitions","CDS_Transversions","CDS_TT_ratio","CDS_Gaps","CDS_Insertions","CDS_Deletions","nonCDS_Similarity","nonCDS_Mutations","nonCDS_Mutation_Frequency","nonCDS_Transitions","nonCDS_Transversions","nonCDS_TT_ratio","nonCDS_Gaps","nonCDS_Insertions","nonCDS_Deletions"
"COVID_2",0.998762665953249,37,0.00123733404675116,4,1,4,32,32,0,0.998963314717587,31,0.000951825355399306,4,1,4,26,26,0,0.999799351235662,6,0.00283152430391694,0,0,0,6,6,0
"COVID_3",0.997023709995653,89,0.00297629000434739,15,3,5,71,71,0,0.999030197639033,29,0.00089041726795419,13,3,4.33333333333333,13,13,0,0.99799351235662,60,0.0283152430391694,2,0,0,58,58,0
"COVID_4",0.998762665953249,37,0.00123733404675116,11,8,1.375,18,18,0,0.999431495167709,17,0.00052196874328349,9,8,1.125,0,0,0,0.99933117078554,20,0.00943841434638981,2,0,0,18,18,0
"COVID_5",0.99799351235662,60,0.00200648764338026,15,10,1.5,35,0,35,0.999197404942648,24,0.000736897049341398,14,10,1.4,0,0,0,0.998796107413972,36,0.0169891458235017,1,0,0,35,0,35
"COVID_6",0.994983780891549,150,0.00501621910845066,21,43,0.488372093023256,86,0,86,0.997826305053005,65,0.00199576284196629,19,7,2.71428571428571,39,0,39,0.997157475838545,85,0.0401132609721567,2,36,0.0555555555555556,47,0,47
"COVID_7",0.994716249205765,158,0.00528375079423469,27,108,0.25,23,23,0,0.997625656288667,71,0.00217998710430164,24,24,1,23,23,0,0.997090592917099,87,0.0410571024067957,3,84,0.0357142857142857,0,0,0
"COVID_8",0.993713005384075,188,0.00628699461592482,35,117,0.299145299145299,36,13,23,0.996622412466977,101,0.00310110841597838,33,32,1.03125,36,13,23,0.997090592917099,87,0.0410571024067957,2,85,0.0235294117647059,0,0,0
"COVID_9",0.960238103200348,1189,0.0397618967996522,7,1122,0.00623885918003565,60,54,6,0.965923151523259,1019,0.0312874205532869,7,1006,0.00695825049701789,6,0,6,0.994314951677089,170,0.0802265219443134,0,116,0,54,54,0
"COVID_10",0.961642644550714,1147,0.038357355449286,9,1052,0.00855513307984791,86,82,4,0.965956592983982,1018,0.0312567165095643,9,964,0.00933609958506224,45,45,0,0.995686051566732,129,0.0608777725342143,0,88,0,41,37,4
