"","Similarity","Mutations","Mutation_Frequency","Transitions","Transversions","TT_ratio","Gaps","Insertions","Deletions","CDS_Similarity","CDS_Mutations","CDS_Mutation_Frequency","CDS_Transitions","CDS_Transversions","CDS_TT_ratio","CDS_Gaps","CDS_Insertions","CDS_Deletions","nonCDS_Similarity","nonCDS_Mutations","nonCDS_Mutation_Frequency","nonCDS_Transitions","nonCDS_Transversions","nonCDS_TT_ratio","nonCDS_Gaps","nonCDS_Insertions","nonCDS_Deletions"
"COVID_2",0.998762665953249,37,0.00123733404675116,4,1,4,32,32,0,0.999832792696385,5,0.000171632568996293,4,1,4,0,0,0,0.998929873256864,32,0.0415045395590143,0,0,0,32,32,0
"COVID_3",0.997023709995653,89,0.00297629000434739,15,3,5,71,71,0,0.999431495167709,17,0.000583550734587395,14,3,4.66666666666667,0,0,0,0.997592214827944,72,0.0933852140077821,1,0,0,71,71,0
"COVID_4",0.998762665953249,37,0.00123733404675116,11,8,1.375,18,18,0,0.999398053706986,18,0.000617877248386654,11,7,1.57142857142857,0,0,0,0.999364612246263,19,0.0246433203631647,0,1,0,18,18,0
"COVID_5",0.99799351235662,60,0.00200648764338026,15,10,1.5,35,0,35,0.999197404942648,24,0.000823836331182205,15,9,1.66666666666667,0,0,0,0.998796107413972,36,0.0466926070038911,0,1,0,35,0,35
"COVID_6",0.994983780891549,150,0.00501621910845066,21,43,0.488372093023256,86,0,86,0.999097080560479,27,0.000926815872579981,20,7,2.85714285714286,0,0,0,0.99588670033107,123,0.159533073929961,1,36,0.0277777777777778,86,0,86
"COVID_7",0.994716249205765,158,0.00528375079423469,27,108,0.25,23,23,0,0.998829548874695,35,0.00120142798297405,26,9,2.88888888888889,0,0,0,0.99588670033107,123,0.159533073929961,1,99,0.0101010101010101,23,23,0
"COVID_8",0.993713005384075,188,0.00628699461592482,35,117,0.299145299145299,36,13,23,0.997926629435174,62,0.00212824385555403,33,17,1.94117647058824,12,12,0,0.995786375948901,126,0.163424124513619,2,100,0.02,24,1,23
"COVID_9",0.960238103200348,1189,0.0397618967996522,7,1122,0.00623885918003565,60,54,6,0.964317961408554,1067,0.0366263902238089,6,1055,0.00568720379146919,6,0,6,0.995920141791793,122,0.158236057068742,1,67,0.0149253731343284,54,54,0
"COVID_10",0.961642644550714,1147,0.038357355449286,9,1052,0.00855513307984791,86,82,4,0.964317961408554,1067,0.0366263902238089,9,1052,0.00855513307984791,6,6,0,0.99732468314216,80,0.103761348897536,0,0,0,80,76,4
