"","Similarity","Mutations","Mutation_Frequency","Transitions","Transversions","TT_ratio","Gaps","Insertions","Deletions","CDS_Similarity","CDS_Mutations","CDS_Mutation_Frequency","CDS_Transitions","CDS_Transversions","CDS_TT_ratio","CDS_Gaps","CDS_Insertions","CDS_Deletions","nonCDS_Similarity","nonCDS_Mutations","nonCDS_Mutation_Frequency","nonCDS_Transitions","nonCDS_Transversions","nonCDS_TT_ratio","nonCDS_Gaps","nonCDS_Insertions","nonCDS_Deletions"
"sequence_1996",0.990157857736307,154,0.00984214226369272,83,7,11.8571428571429,64,3,61,0.990669137853902,146,0.00448279038349351,76,6,12.6666666666667,64,3,61,0.999488719882406,8,0.00525624178712221,7,1,7,0,0,0
"sequence_1999",0.797724803476705,3165,0.202275196523295,1889,1039,1.81809432146295,237,96,141,0.816322617754202,2874,0.0882434216586324,1727,980,1.76224489795918,167,96,71,0.981402185722503,291,0.19119579500657,162,59,2.74576271186441,70,0,70
"sequence_2002",0.803221064740845,3079,0.196778935259155,1888,1053,1.79297245963913,138,39,99,0.817856458106985,2850,0.0875065246092911,1722,990,1.73939393939394,138,39,99,0.985364606633859,229,0.150459921156373,166,63,2.63492063492063,0,0,0
"sequence_2005",0.997187959353231,44,0.00281204064676935,38,6,6.33333333333333,0,0,0,0.997315779382629,42,0.00128956983634745,36,6,6,0,0,0,0.999872179970601,2,0.00131406044678055,2,0,0,0,0,0
"sequence_2008",0.987793187192433,191,0.0122068128075669,151,28,5.39285714285714,12,6,6,0.988560107368825,179,0.00549602382633793,139,28,4.96428571428571,12,6,6,0.999233079823608,12,0.00788436268068331,12,0,0,0,0,0
"sequence_2011",0.974499904134978,399,0.025500095865022,184,21,8.76190476190476,194,95,99,0.97980443535502,316,0.00970247781632841,173,19,9.10526315789474,124,25,99,0.994695468779958,83,0.0545335085413929,11,2,5.5,70,70,0
"sequence_2014",0.788010481242411,3317,0.211989518757589,1965,1083,1.81440443213296,269,146,123,0.806927845593404,3021,0.0927569160858485,1798,1019,1.76447497546614,204,146,58,0.981082635649006,296,0.194480946123522,167,64,2.609375,65,0,65
"sequence_2017",0.964018661724292,563,0.0359813382757078,147,71,2.07042253521127,345,116,229,0.966830702371062,519,0.0159353986920077,134,68,1.97058823529412,317,100,217,0.997187959353231,44,0.0289093298291721,13,3,4.33333333333333,28,16,12
"sequence_2020",0.963060011503803,578,0.0369399884961974,158,76,2.07894736842105,344,221,123,0.966191602224069,529,0.0162424391292333,146,72,2.02777777777778,311,209,102,0.996868409279734,49,0.0321944809461235,12,4,3,33,12,21
