"","Similarity","Mutations","Mutation_Frequency","Transitions","Transversions","TT_ratio","Gaps","Insertions","Deletions","CDS_Similarity","CDS_Mutations","CDS_Mutation_Frequency","CDS_Transitions","CDS_Transversions","CDS_TT_ratio","CDS_Gaps","CDS_Insertions","CDS_Deletions","nonCDS_Similarity","nonCDS_Mutations","nonCDS_Mutation_Frequency","nonCDS_Transitions","nonCDS_Transversions","nonCDS_TT_ratio","nonCDS_Gaps","nonCDS_Insertions","nonCDS_Deletions"
"MERS_2",0.995253269601009,143,0.0047467303989909,84,25,3.36,34,0,34,0.996415056761601,108,0.00367859940733676,83,25,3.32,0,0,0,0.998838212839408,35,0.045632333767927,1,0,0,34,0,34
"MERS_3",0.995386045276505,139,0.00461395472349466,62,18,3.44444444444444,59,0,59,0.997377680408949,79,0.00269082734425559,61,18,3.38888888888889,0,0,0,0.998008364867556,60,0.0782268578878748,1,0,0,59,0,59
"MERS_4",0.999336121622519,20,0.000663878377481245,13,7,1.85714285714286,0,0,0,0.999336121622519,20,0.000681222112469771,13,7,1.85714285714286,0,0,0,1,0,0,0,0,0,0,0,0
"MERS_5",0.995020912168891,150,0.00497908783110934,89,34,2.61764705882353,27,27,0,0.995983535816238,121,0.00412139378044211,87,34,2.55882352941176,0,0,0,0.999037376352652,29,0.0378096479791395,2,0,0,27,27,0
"MERS_6",0.996481444599349,106,0.0035185554006506,52,24,2.16666666666667,30,5,25,0.997344486490075,80,0.00272488844987908,50,23,2.17391304347826,7,5,2,0.999136958109274,26,0.0338983050847458,2,1,2,23,0,23
"MERS_7",0.997012547301334,90,0.0029874526986656,31,18,1.72222222222222,41,36,5,0.998207528380801,54,0.00183929970366838,30,17,1.76470588235294,7,2,5,0.998805018920534,36,0.0469361147327249,1,1,1,34,34,0
"MERS_8",0.996514638518223,105,0.00348536148177654,50,22,2.27272727272727,33,0,33,0.997610037841067,72,0.00245239960489117,50,22,2.27272727272727,0,0,0,0.998904600677156,33,0.0430247718383312,0,0,0,33,0,33
"MERS_9",0.997045741220209,89,0.00295425877979154,39,11,3.54545454545455,39,39,0,0.998406691894045,48,0.00163493306992745,37,11,3.36363636363636,0,0,0,0.998639049326163,41,0.0534550195567145,2,0,0,39,39,0
"MERS_10",0.995286463519883,142,0.00471353648011684,38,19,2,85,85,0,0.998141140543052,56,0.00190742191491536,37,19,1.94736842105263,0,0,0,0.997145322976831,86,0.112125162972621,1,0,0,85,85,0
