"","Similarity","Mutations","Mutation_Frequency","Transitions","Transversions","TT_ratio","Gaps","Insertions","Deletions","CDS_Similarity","CDS_Mutations","CDS_Mutation_Frequency","CDS_Transitions","CDS_Transversions","CDS_TT_ratio","CDS_Gaps","CDS_Insertions","CDS_Deletions","nonCDS_Similarity","nonCDS_Mutations","nonCDS_Mutation_Frequency","nonCDS_Transitions","nonCDS_Transversions","nonCDS_TT_ratio","nonCDS_Gaps","nonCDS_Insertions","nonCDS_Deletions"
"MERS_2",0.995253269601009,143,0.0047467303989909,84,25,3.36,34,0,34,0.996448250680475,107,0.00328533267831373,77,23,3.34782608695652,7,0,7,0.998805018920534,36,0.0166743862899491,7,2,3.5,27,0,27
"MERS_3",0.995386045276505,139,0.00461395472349466,62,18,3.44444444444444,59,0,59,0.997444068246697,77,0.00236421136663699,59,18,3.27777777777778,0,0,0,0.997941977029808,62,0.0287169986104678,3,0,0,59,0,59
"MERS_4",0.999336121622519,20,0.000663878377481245,13,7,1.85714285714286,0,0,0,0.999468897298015,16,0.000491264699560932,10,6,1.66666666666667,0,0,0,0.999867224324504,4,0.00185270958777212,3,1,3,0,0,0
"MERS_5",0.995020912168891,150,0.00497908783110934,89,34,2.61764705882353,27,27,0,0.996282281086105,112,0.00343885289692653,79,33,2.39393939393939,0,0,0,0.998738631082786,38,0.0176007410838351,10,1,10,27,27,0
"MERS_6",0.996481444599349,106,0.0035185554006506,52,24,2.16666666666667,30,5,25,0.997344486490075,80,0.00245632349780466,48,24,2,8,5,3,0.999136958109274,26,0.0120426123205188,4,0,0,22,0,22
"MERS_7",0.997012547301334,90,0.0029874526986656,31,18,1.72222222222222,41,36,5,0.998240722299675,53,0.00162731431729559,29,16,1.8125,8,3,5,0.99877182500166,37,0.0171375636868921,2,2,1,33,33,0
"MERS_8",0.996514638518223,105,0.00348536148177654,50,22,2.27272727272727,33,0,33,0.997776007435438,67,0.0020571709294114,48,19,2.52631578947368,0,0,0,0.998738631082786,38,0.0176007410838351,2,3,0.666666666666667,33,0,33
"MERS_9",0.997045741220209,89,0.00295425877979154,39,11,3.54545454545455,39,39,0,0.998539467569541,44,0.00135097792379256,34,10,3.4,0,0,0,0.998506273650667,45,0.0208429828624363,5,1,5,39,39,0
"MERS_10",0.995286463519883,142,0.00471353648011684,38,19,2,85,85,0,0.996713802031468,99,0.00303970032853327,30,16,1.875,53,53,0,0.998572661488415,43,0.0199166280685503,8,3,2.66666666666667,32,32,0
