"","Similarity","Mutations","Mutation_Frequency","Transitions","Transversions","TT_ratio","Gaps","Insertions","Deletions","CDS_Similarity","CDS_Mutations","CDS_Mutation_Frequency","CDS_Transitions","CDS_Transversions","CDS_TT_ratio","CDS_Gaps","CDS_Insertions","CDS_Deletions","nonCDS_Similarity","nonCDS_Mutations","nonCDS_Mutation_Frequency","nonCDS_Transitions","nonCDS_Transversions","nonCDS_TT_ratio","nonCDS_Gaps","nonCDS_Insertions","nonCDS_Deletions"
"sequence_2004",0.961825726141079,598,0.0381742738589212,440,76,5.78947368421053,82,81,1,0.96910309607405,484,0.0332989336085311,399,63,6.33333333333333,22,21,1,0.992722630067028,114,0.100884955752212,41,13,3.15384615384615,60,60,0
"sequence_2006",0.970890520268114,456,0.0291094797318864,390,43,9.06976744186047,23,0,23,0.975103734439834,390,0.0268317853457172,352,38,9.26315789473684,0,0,0,0.99578678582828,66,0.0584070796460177,38,5,7.6,23,0,23
"sequence_2008",0.98193424832429,283,0.0180657516757102,253,30,8.43333333333333,0,0,0,0.983657835939994,256,0.0176126590987272,229,27,8.48148148148148,0,0,0,0.998276412384296,27,0.0238938053097345,24,3,8,0,0,0
"sequence_2010",0.979125438876476,327,0.0208745611235238,294,33,8.90909090909091,0,0,0,0.980976699648899,298,0.0205022359821121,268,30,8.93333333333333,0,0,0,0.998148739227577,29,0.0256637168141593,26,3,8.66666666666667,0,0,0
"sequence_2012",0.992403447175231,119,0.00759655282476859,65,38,1.71052631578947,16,6,10,0.993871688477498,96,0.0066047471620227,57,33,1.72727272727273,6,6,0,0.998531758697734,23,0.020353982300885,8,5,1.6,10,0,10
"sequence_2014",0.991892754548356,127,0.00810724545164379,90,37,2.43243243243243,0,0,0,0.992722630067028,114,0.00784313725490196,81,33,2.45454545454545,0,0,0,0.999170124481328,13,0.0115044247787611,9,4,2.25,0,0,0
"sequence_2016",0.965719757421002,537,0.0342802425789978,357,47,7.59574468085106,133,0,133,0.97555059048835,383,0.0263501891984864,323,42,7.69047619047619,18,0,18,0.990169166932652,154,0.136283185840708,34,5,6.8,115,0,115
"sequence_2019",0.959272263006703,638,0.0407277369932972,391,71,5.50704225352113,176,54,122,0.973252473667411,419,0.0288269693842449,347,60,5.78333333333333,12,0,12,0.986019789339291,219,0.193805309734513,44,11,4,164,54,110
"sequence_2021",0.973635493137568,413,0.0263645068624322,194,28,6.92857142857143,191,191,0,0.985636769869135,225,0.0154798761609907,179,24,7.45833333333333,22,22,0,0.987998723268433,188,0.166371681415929,15,4,3.75,169,169,0
