,Similarity,Mutations,Mutation_Freq,Transitions,Transversions,TT_ratio,Gaps,Insertions,Deletions,CDS_Similarity,CDS_Mutations,CDS_Mutation_Freq,CDS_Transitions,CDS_Transversions,CDS_TT_ratio,CDS_Gaps,CDS_Insertions,CDS_Deletions,nonCDS_Similarity,nonCDS_Mutations,nonCDS_Mutation_Freq,nonCDS_Transitions,nonCDS_Transversions,nonCDS_TT_ratio,nonCDS_Gaps,nonCDS_Insertions,nonCDS_Deletions
sequence_1999,0.9322005383580081,2418,0.06779946164199192,1186,814,1.457002457002457,418,287,131,0.9345389787835058,2132,0.0654610212164942,1124,765,1.469281045751634,243,243,0,0.9075928917609046,286,0.09240710823909531,62,49,1.2653061224489797,175,44,131
sequence_2004,0.9521926873037236,1705,0.047807312696276354,836,488,1.7131147540983607,381,33,348,0.9572599711381989,1392,0.0427400288618011,767,444,1.7274774774774775,181,15,166,0.8988691437802908,313,0.10113085621970921,69,44,1.5681818181818181,200,18,182
sequence_2006,0.9303779721848362,2483,0.06962202781516375,1216,909,1.3377337733773378,358,259,99,0.9354293960514599,2103,0.06457060394854003,1162,849,1.3686690223792697,92,1,91,0.877221324717286,380,0.12277867528271405,54,60,0.9,266,258,8
sequence_2008,0.9975325257963212,88,0.00246747420367878,3,4,0.75,81,66,15,0.9997543676502195,8,0.00024563234978046606,3,3,1.0,2,0,2,0.9741518578352181,80,0.025848142164781908,0,1,0.0,79,66,13
sequence_2010,0.9985139075818753,53,0.0014860924181247196,0,2,0.0,51,1,50,0.9999692959562775,1,3.070404372255826e-05,0,0,0,1,1,0,0.9831987075928917,52,0.01680129240710824,0,2,0.0,50,0,50
sequence_2012,0.9997196052041274,10,0.0002803947958725886,1,2,0.5,7,3,4,0.9999078878688323,3,9.211213116767479e-05,1,2,0.5,0,0,0,0.9977382875605816,7,0.002261712439418417,0,0,0,7,3,4
sequence_2014,0.9325650515926425,2405,0.06743494840735756,1192,820,1.4536585365853658,393,265,128,0.9346924990021186,2127,0.06530750099788142,1132,771,1.4682230869001296,224,224,0,0.9101777059773829,278,0.08982229402261713,60,49,1.2244897959183674,169,41,128
sequence_2016,0.9992148945715568,28,0.0007851054284432481,9,7,1.2857142857142858,12,10,2,0.999232398906936,25,0.0007676010930639565,8,7,1.1428571428571428,10,10,0,0.9990306946688207,3,0.0009693053311793214,1,0,0,2,0,2
sequence_2018,0.9990746971736204,33,0.0009253028263795424,1,3,0.3333333333333333,29,16,13,0.9996315514753293,12,0.00036844852467069915,0,1,0.0,11,0,11,0.9932148626817447,21,0.00678513731825525,1,2,0.5,18,16,2
