,Similarity,Mutations,Mutation_Freq,Transitions,Transversions,TT_ratio,Gaps,Insertions,Deletions,CDS_Similarity,CDS_Mutations,CDS_Mutation_Freq,CDS_Transitions,CDS_Transversions,CDS_TT_ratio,CDS_Gaps,CDS_Insertions,CDS_Deletions,nonCDS_Similarity,nonCDS_Mutations,nonCDS_Mutation_Freq,nonCDS_Transitions,nonCDS_Transversions,nonCDS_TT_ratio,nonCDS_Gaps,nonCDS_Insertions,nonCDS_Deletions
COVID_2,0.9987626659532488,37,0.001237334046751162,4,1,4.0,32,32,0,0.9998283674310037,5,0.00017163256899629275,4,1,4.0,0,0,0,0.9584954604409858,32,0.041504539559014265,0,0,0,32,32,0
COVID_3,0.9970237099956526,89,0.00297629000434739,15,3,5.0,71,71,0,0.9994164492654126,17,0.0005835507345873953,14,3,4.666666666666667,0,0,0,0.9066147859922179,72,0.0933852140077821,1,0,0,71,71,0
COVID_4,0.9987961074139718,36,0.0012038925860281577,11,7,1.5714285714285714,18,18,0,0.9994164492654126,17,0.0005835507345873953,11,6,1.8333333333333333,0,0,0,0.9753566796368353,19,0.02464332036316472,0,1,0.0,18,18,0
COVID_5,0.9980269538173427,59,0.0019730461826572587,15,9,1.6666666666666667,35,0,35,0.9992104901826171,23,0.0007895098173829466,15,8,1.875,0,0,0,0.9533073929961089,36,0.04669260700389105,0,1,0.0,35,0,35
COVID_6,0.9990301976390329,29,0.000969802360967127,21,8,2.625,0,0,0,0.99907318412742,27,0.0009268158725799808,20,7,2.857142857142857,0,0,0,0.9974059662775616,2,0.0025940337224383916,1,1,1.0,0,0,0
COVID_7,0.9987626659532488,37,0.001237334046751162,27,10,2.7,0,0,0,0.9987985720170259,35,0.001201427982974049,26,9,2.888888888888889,0,0,0,0.9974059662775616,2,0.0025940337224383916,1,1,1.0,0,0,0
COVID_8,0.9978263050530047,65,0.0021736949469952846,35,17,2.0588235294117645,13,13,0,0.9979404091720445,60,0.0020595908279555128,33,15,2.2,12,12,0,0.993514915693904,5,0.00648508430609598,2,2,1.0,1,1,0
COVID_9,0.9996321439320469,11,0.0003678560679530482,7,4,1.75,0,0,0,0.9996567348620075,10,0.0003432651379925855,6,4,1.5,0,0,0,0.9987029831387808,1,0.0012970168612191958,1,0,0,0,0,0
COVID_10,0.9969233856134836,92,0.003076614386516403,9,3,3.0,80,76,4,0.999588081834409,12,0.00041191816559110257,9,3,3.0,0,0,0,0.8962386511024644,80,0.10376134889753567,0,0,0,80,76,4
