,Similarity,Mutations,Mutation_Freq,Transitions,Transversions,TT_ratio,Gaps,Insertions,Deletions,CDS_Similarity,CDS_Mutations,CDS_Mutation_Freq,CDS_Transitions,CDS_Transversions,CDS_TT_ratio,CDS_Gaps,CDS_Insertions,CDS_Deletions,nonCDS_Similarity,nonCDS_Mutations,nonCDS_Mutation_Freq,nonCDS_Transitions,nonCDS_Transversions,nonCDS_TT_ratio,nonCDS_Gaps,nonCDS_Insertions,nonCDS_Deletions
MERS_2,0.9952532696010091,143,0.004746730398990905,84,25,3.36,34,0,34,0.9963214005926633,108,0.0036785994073367623,83,25,3.32,0,0,0,0.954367666232073,35,0.04563233376792699,1,0,0,34,0,34
MERS_3,0.9953860452765053,139,0.004613954723494656,62,18,3.4444444444444446,59,0,59,0.9973091726557444,79,0.0026908273442555948,61,18,3.388888888888889,0,0,0,0.9217731421121251,60,0.07822685788787484,1,0,0,59,0,59
MERS_4,0.9993361216225187,20,0.0006638783774812454,13,7,1.8571428571428572,0,0,0,0.9993528389931537,19,0.0006471610068462823,12,7,1.7142857142857142,0,0,0,0.9986962190352021,1,0.001303780964797914,1,0,0,0,0,0
MERS_5,0.9950209121688907,150,0.004979087831109341,89,34,2.6176470588235294,27,27,0,0.9959467284308049,119,0.004053271569195136,85,34,2.5,0,0,0,0.9595827900912647,31,0.04041720990873533,4,0,0,27,27,0
MERS_6,0.9964814445993494,106,0.003518555400650601,52,24,2.1666666666666665,30,5,25,0.9973432337613679,78,0.002656766238632106,50,23,2.1739130434782608,5,5,0,0.9634941329856584,28,0.03650586701434159,2,1,2.0,25,0,25
MERS_7,0.9970125473013344,90,0.0029874526986656044,31,18,1.7222222222222223,41,36,5,0.9982288225075786,52,0.001771177492421404,30,17,1.7647058823529411,5,0,5,0.9504563233376793,38,0.04954367666232073,1,1,1.0,36,36,0
MERS_8,0.9965146385182234,105,0.0034853614817765386,50,22,2.272727272727273,33,0,33,0.9975476003951088,72,0.002452399604891175,50,22,2.272727272727273,0,0,0,0.9569752281616688,33,0.04302477183833116,0,0,0,33,0,33
MERS_9,0.9970457412202085,89,0.002954258779791542,39,11,3.5454545454545454,39,39,0,0.9983650669300725,48,0.0016349330699274498,37,11,3.3636363636363638,0,0,0,0.9465449804432855,41,0.05345501955671447,2,0,0,39,39,0
MERS_10,0.9954192391953794,138,0.004580760804620594,38,15,2.533333333333333,85,85,0,0.998262883613202,51,0.0017371163867979154,36,15,2.4,0,0,0,0.8865710560625815,87,0.11342894393741851,2,0,0,85,85,0
