,Similarity,Mutations,Mutation_Freq,Transitions,Transversions,TT_ratio,Gaps,Insertions,Deletions,CDS_Similarity,CDS_Mutations,CDS_Mutation_Freq,CDS_Transitions,CDS_Transversions,CDS_TT_ratio,CDS_Gaps,CDS_Insertions,CDS_Deletions,nonCDS_Similarity,nonCDS_Mutations,nonCDS_Mutation_Freq,nonCDS_Transitions,nonCDS_Transversions,nonCDS_TT_ratio,nonCDS_Gaps,nonCDS_Insertions,nonCDS_Deletions
sequence_2004,0.9618257261410789,598,0.038174273858921165,440,76,5.7894736842105265,82,81,1,0.9677330581355349,469,0.03226694186446508,401,68,5.897058823529412,0,0,0,0.8858407079646018,129,0.11415929203539824,39,8,4.875,82,81,1
sequence_2006,0.9708905202681136,456,0.02910947973188637,390,43,9.069767441860465,23,0,23,0.9733058135534916,388,0.02669418644650843,350,38,9.210526315789474,0,0,0,0.9398230088495575,68,0.06017699115044248,40,5,8.0,23,0,23
sequence_2008,0.9819342483242898,283,0.01806575167571018,253,30,8.433333333333334,0,0,0,0.9828001375988992,250,0.01719986240110079,227,23,9.869565217391305,0,0,0,0.9707964601769912,33,0.02920353982300885,26,7,3.7142857142857144,0,0,0
sequence_2010,0.9791254388764762,327,0.020874561123523778,294,33,8.909090909090908,0,0,0,0.9798417612659098,293,0.020158238734090127,266,27,9.851851851851851,0,0,0,0.9699115044247788,34,0.03008849557522124,28,6,4.666666666666667,0,0,0
sequence_2012,0.9924034471752314,119,0.007596552824768592,65,38,1.7105263157894737,16,6,10,0.994014447884417,87,0.005985552115583075,55,32,1.71875,0,0,0,0.9716814159292035,32,0.02831858407079646,10,6,1.6666666666666667,16,6,10
sequence_2014,0.9918927545483562,127,0.008107245451643793,90,37,2.4324324324324325,0,0,0,0.9921568627450981,114,0.00784313725490196,82,32,2.5625,0,0,0,0.988495575221239,13,0.011504424778761062,8,5,1.6,0,0,0
sequence_2016,0.9657197574210022,537,0.03428024257899777,357,47,7.595744680851064,133,0,133,0.9750257997936016,363,0.02497420020639835,325,38,8.552631578947368,0,0,0,0.8460176991150442,174,0.15398230088495576,32,9,3.5555555555555554,133,0,133
sequence_2019,0.9592722630067029,638,0.04072773699329716,391,71,5.507042253521127,176,54,122,0.9739938080495356,378,0.026006191950464396,341,37,9.216216216216216,0,0,0,0.7699115044247787,260,0.23008849557522124,50,34,1.4705882352941178,176,54,122
sequence_2021,0.9736354931375678,413,0.026364506862432174,194,28,6.928571428571429,191,191,0,0.9880288957688339,174,0.01197110423116615,165,9,18.333333333333332,0,0,0,0.7884955752212389,239,0.21150442477876105,29,19,1.5263157894736843,191,191,0
