,Similarity,Mutations,TT_ratio,Gaps,Insertions,Deletions,CDS_Similarity,CDS_Mutations,CDS_TT_ratio,CDS_Gaps,CDS_Insertions,CDS_Deletions,nonCDS_Similarity,nonCDS_Mutations,nonCDS_TT_ratio,nonCDS_Gaps,nonCDS_Insertions,nonCDS_Deletions
sequence_1991,1.0,0,0,0,0,0,1.0,0,0,0,0,0,1.0,0,0,0,0,0
sequence_1997,0.8073556310425921,2949,1.9269776876267748,63,30,33,0.8316555220809758,2291,2.226308345120226,10,10,0,0.6127133608004709,658,1.168458781362007,53,20,33
sequence_2017_2,0.8018029788345963,3034,1.9420142421159716,142,109,33,0.8315820412962011,2292,2.2231638418079096,10,10,0,0.5632725132430842,742,1.2181818181818183,132,99,33
sequnce_2017_1,0.7975568330284819,3099,1.9039039039039038,198,112,86,0.8293041369681828,2323,2.16986301369863,9,9,0,0.5432607416127133,776,1.1821561338289963,189,103,86
sequence_2017_3,0.7934413378625556,3162,1.916326530612245,304,226,78,0.8290102138290837,2327,2.1928374655647382,9,9,0,0.5085344320188345,835,1.125984251968504,295,217,78
