,Similarity,Mutations,TT_ratio,Gaps,Insertions,Deletions,CDS_Similarity,CDS_Mutations,CDS_TT_ratio,CDS_Gaps,CDS_Insertions,CDS_Deletions,nonCDS_Similarity,nonCDS_Mutations,nonCDS_TT_ratio,nonCDS_Gaps,nonCDS_Insertions,nonCDS_Deletions
Strain_1,1.0,0,0,0,0,0,1.0,0,0,0,0,0,1.0,0,0,0,0,0
Strain_2,0.9223025874282306,1042,5.489795918367347,88,51,37,0.9309155099093316,861,5.674603174603175,20,20,0,0.8090717299578059,181,4.380952380952381,68,31,37
Strain_3,0.8026247110580866,2647,2.4520166898470097,165,111,54,0.8224344058412902,2213,2.753401360544218,6,6,0,0.5421940928270041,434,1.099236641221374,159,105,54
Strain_4,0.8024755797479681,2649,2.547517730496454,148,108,40,0.8213913183021744,2226,2.8440207972270364,8,8,0,0.5537974683544304,423,1.2109375,140,100,40
Strain_5,0.923495637909179,1026,5.580419580419581,85,50,35,0.9317981224424295,850,5.80327868852459,20,20,0,0.8143459915611815,176,4.285714285714286,65,30,35
