,Similarity,Mutations,TT_ratio,Gaps,Insertions,Deletions,CDS_Similarity,CDS_Mutations,CDS_TT_ratio,CDS_Gaps,CDS_Insertions,CDS_Deletions,nonCDS_Similarity,nonCDS_Mutations,nonCDS_TT_ratio,nonCDS_Gaps,nonCDS_Insertions,nonCDS_Deletions
sequence_2017.1,1.0,0,0,0,0,0,1.0,0,0,0,0,0,1.0,0,0,0,0,0
sequence_2017.2,0.9835926264871225,251,8.222222222222221,85,84,1,0.9900417368382515,136,9.833333333333334,6,6,0,0.9299207800121877,115,5.0,79,78,1
sequence_2017.3,0.9798666492351942,308,4.901960784313726,7,6,1,0.9814014790949697,254,5.358974358974359,6,6,0,0.9670932358318098,54,3.4166666666666665,1,0,1
sequence_2017.4,0.9835926264871225,251,8.222222222222221,85,84,1,0.9900417368382515,136,9.833333333333334,6,6,0,0.9299207800121877,115,5.0,79,78,1
sequence_2017.5,0.9541116485815139,702,4.797979797979798,128,111,17,0.961704620341217,523,4.935064935064935,66,66,0,0.890920170627666,179,4.318181818181818,62,45,17
