,Similarity,Mutations,TT_ratio,Gaps,Insertions,Deletions,CDS_Similarity,CDS_Mutations,CDS_TT_ratio,CDS_Gaps,CDS_Insertions,CDS_Deletions,nonCDS_Similarity,nonCDS_Mutations,nonCDS_TT_ratio,nonCDS_Gaps,nonCDS_Insertions,nonCDS_Deletions
EU326526.1,1.0,0,0,0,0,0,1.0,0,0,0,0,0,1.0,0,0,0,0,0
AB012132.1,0.9476135040745053,810,6.232142857142857,0,0,0,0.9506121887467327,718,6.326530612244898,0,0,0,0.9004329004329005,92,5.571428571428571,0,0,0
NC_038270.1,0.9599016944767818,620,6.75,0,0,0,0.9628559636813867,540,7.059701492537314,0,0,0,0.9134199134199135,80,5.153846153846154,0,0,0
