,Similarity,Mutations,TT_ratio,Gaps,Insertions,Deletions,CDS_Similarity,CDS_Mutations,CDS_TT_ratio,CDS_Gaps,CDS_Insertions,CDS_Deletions,nonCDS_Similarity,nonCDS_Mutations,nonCDS_TT_ratio,nonCDS_Gaps,nonCDS_Insertions,nonCDS_Deletions
A_Korea_1968,1.0,0,0,0,0,0,1.0,0,0,0,0,0,1.0,0,0,0,0,0
A_New_York_2004,0.8541257009686112,2003,1.533715925394548,237,35,202,0.9302123970524491,161,7.473684210526316,0,0,0,0.8387605042016807,1842,1.3672566371681416,237,35,202
A_California_2009,0.7577743791420872,3326,1.4196277495769882,466,384,82,0.8374512353706112,375,4.338461538461538,28,28,0,0.7416841736694677,2951,1.2497761862130707,438,356,82
A_Shanghai_2013,0.7534047046828345,3386,1.3294753086419753,367,318,49,0.8131772865192891,431,2.950980392156863,28,28,0,0.7413340336134453,2955,1.1909547738693467,339,290,49
