,Similarity,Mutations,Mutation_Freq,Transitions,Transversions,TT_ratio,Gaps,Insertions,Deletions,CDS_Similarity,CDS_Mutations,CDS_Mutation_Freq,CDS_Transitions,CDS_Transversions,CDS_TT_ratio,CDS_Gaps,CDS_Insertions,CDS_Deletions,nonCDS_Similarity,nonCDS_Mutations,nonCDS_Mutation_Freq,nonCDS_Transitions,nonCDS_Transversions,nonCDS_TT_ratio,nonCDS_Gaps,nonCDS_Insertions,nonCDS_Deletions
1994,1.0,0,0.0,0,0,0,0,0,0,1.0,0,0.0,0,0,0,0,0,0,1.0,0,0.0,0,0,0,0,0,0
1995,0.7485906040268456,1873,0.25140939597315437,995,867,1.1476355247981544,11,8,3,0.7394408994226679,1715,0.2605591005773321,909,806,1.1277915632754343,0,0,0,0.8179723502304148,158,0.18202764976958524,86,61,1.4098360655737705,11,8,3
2002,0.6946308724832215,2275,0.3053691275167785,1038,1193,0.8700754400670578,44,32,12,0.6931024004861744,2020,0.30689759951382556,958,1044,0.9176245210727969,18,18,0,0.706221198156682,255,0.29377880184331795,80,149,0.5369127516778524,26,14,12
2004,0.7557046979865771,1820,0.2442953020134228,975,822,1.186131386861314,23,18,5,0.7464296566393194,1669,0.25357034336068063,893,767,1.1642764015645373,9,9,0,0.8260368663594471,151,0.173963133640553,82,55,1.490909090909091,14,9,5
2008,0.6767785234899328,2408,0.3232214765100671,1038,1272,0.8160377358490566,98,66,32,0.6830750531753267,2086,0.31692494682467337,951,1120,0.8491071428571428,15,15,0,0.6290322580645161,322,0.3709677419354839,87,152,0.5723684210526315,83,51,32
2014,0.7438926174496645,1908,0.25610738255033555,968,928,1.043103448275862,12,9,3,0.7301731996353692,1776,0.2698268003646308,897,873,1.0274914089347078,6,6,0,0.847926267281106,132,0.15207373271889402,71,55,1.290909090909091,6,3,3
2016,0.7614765100671141,1777,0.2385234899328859,955,720,1.3263888888888888,102,99,3,0.7582801580066849,1591,0.24171984199331512,893,677,1.3190546528803544,21,21,0,0.7857142857142857,186,0.21428571428571427,62,43,1.441860465116279,81,78,3
