,Similarity,Mutations,Mutation_Freq,Transitions,Transversions,TT_ratio,Gaps,Insertions,Deletions,CDS_Similarity,CDS_Mutations,CDS_Mutation_Freq,CDS_Transitions,CDS_Transversions,CDS_TT_ratio,CDS_Gaps,CDS_Insertions,CDS_Deletions,nonCDS_Similarity,nonCDS_Mutations,nonCDS_Mutation_Freq,nonCDS_Transitions,nonCDS_Transversions,nonCDS_TT_ratio,nonCDS_Gaps,nonCDS_Insertions,nonCDS_Deletions
1995,0.7485906040268456,1873,0.25140939597315437,995,867,1.1476355247981544,11,8,3,0.7394408994226679,1715,0.2605591005773321,909,806,1.1277915632754343,0,0,0,0.8179723502304148,158,0.18202764976958524,86,61,1.4098360655737705,11,8,3
2002,0.6895302013422819,2313,0.3104697986577181,1039,1235,0.8412955465587044,39,27,12,0.687784867821331,2055,0.3122151321786691,942,1095,0.8602739726027397,18,18,0,0.7027649769585254,258,0.29723502304147464,97,140,0.6928571428571428,21,9,12
2004,0.7036241610738255,2208,0.2963758389261745,1003,1158,0.8661485319516408,47,20,27,0.699939228198116,1975,0.30006077180188395,922,1026,0.898635477582846,27,9,18,0.7315668202764978,233,0.2684331797235023,81,132,0.6136363636363636,20,11,9
2008,0.6801342281879195,2383,0.31986577181208053,1051,1249,0.8414731785428343,83,52,31,0.6845943482224248,2076,0.3154056517775752,959,1105,0.8678733031674208,12,9,3,0.6463133640552996,307,0.35368663594470046,92,144,0.6388888888888888,71,43,28
2014,0.6700671140939598,2458,0.32993288590604025,1077,1289,0.8355314197051978,92,32,60,0.6754785779398359,2136,0.3245214220601641,974,1147,0.8491717523975588,15,3,12,0.6290322580645161,322,0.3709677419354839,103,142,0.7253521126760564,77,29,48
2016,0.725771812080537,2043,0.2742281879194631,979,960,1.0197916666666667,104,97,7,0.7193862048009724,1847,0.2806137951990276,899,925,0.9718918918918918,23,19,4,0.7741935483870968,196,0.22580645161290322,80,35,2.2857142857142856,81,78,3
