,Similarity,Mutations,TT_ratio,Gaps,Insertions,Deletions,CDS_Similarity,CDS_Mutations,CDS_TT_ratio,CDS_Gaps,CDS_Insertions,CDS_Deletions,nonCDS_Similarity,nonCDS_Mutations,nonCDS_TT_ratio,nonCDS_Gaps,nonCDS_Insertions,nonCDS_Deletions
DQ473497.1,1.0,0,0,0,0,0,1.0,0,0,0,0,0,1.0,0,0,0,0,0
FJ445122.1,0.7258784160624652,1966,0.9369747899159664,122,9,113,0.7337601499063086,1705,0.9407069555302167,3,3,0,0.66015625,261,0.8933333333333333,119,6,113
FJ445123.1,0.7332682654768544,1913,1.048780487804878,149,24,125,0.740318550905684,1663,1.01840490797546,18,18,0,0.6744791666666667,250,1.5869565217391304,131,6,125
FJ445121.1,0.7481873954266592,1806,1.0449574726609963,123,7,116,0.750468457214241,1598,1.0267175572519085,5,5,0,0.7291666666666667,208,1.4324324324324325,118,2,116
EF173416.1,0.7401003904071388,1864,0.9942462600690449,131,12,119,0.7464084946908183,1624,0.984009840098401,11,11,0,0.6875,240,1.1428571428571428,120,1,119
