,Similarity,Mutations,TT_ratio,Gaps,Insertions,Deletions,CDS_Similarity,CDS_Mutations,CDS_TT_ratio,CDS_Gaps,CDS_Insertions,CDS_Deletions,nonCDS_Similarity,nonCDS_Mutations,nonCDS_TT_ratio,nonCDS_Gaps,nonCDS_Insertions,nonCDS_Deletions
NC_003461.1,1.0,0,0,0,0,0,1.0,0,0,0,0,0,1.0,0,0,0,0,0
EU326526.1,0.5705370650529501,6813,0.6413885180240321,666,402,264,0.5941657427937916,5857,0.6579482708514967,152,152,0,0.33240223463687146,956,0.45394736842105265,514,250,264
NC_001796.2,0.568709026727181,6842,0.6531049250535332,666,402,264,0.5930570953436807,5873,0.6655021834061136,152,152,0,0.3233240223463687,969,0.5116279069767442,514,250,264
NC_038270.1,0.570600100857287,6812,0.6428762363004544,666,402,264,0.5956208425720622,5836,0.6537678207739308,152,152,0,0.3184357541899442,976,0.5197368421052632,514,250,264
