,Similarity,Mutations,TT_ratio,Gaps,Insertions,Deletions,CDS_Similarity,CDS_Mutations,CDS_TT_ratio,CDS_Gaps,CDS_Insertions,CDS_Deletions,nonCDS_Similarity,nonCDS_Mutations,nonCDS_TT_ratio,nonCDS_Gaps,nonCDS_Insertions,nonCDS_Deletions
Human_adenovirus_1966,1.0,0,0,0,0,0,1.0,0,0,0,0,0,1.0,0,0,0,0,0
Human_adenovirus_1971,0.9996692210154915,12,1.0,8,8,0,0.9997025137587386,10,1.0,6,6,0,0.9992489673300788,2,0,2,2,0
Human_adenovirus_1995,0.9437124428028006,2042,2.7911227154046996,590,307,283,0.9572809757548714,1436,3.7058823529411766,236,236,0,0.7724371010138941,606,0.96875,354,71,283
Human_adenovirus_2002,0.9436021831412977,2046,2.857142857142857,588,307,281,0.9571322326342406,1441,3.82,236,236,0,0.7728126173488546,605,0.9765625,352,71,281
Human_adenovirus_2004,0.9994211367771101,21,0.5384615384615384,1,1,0,0.9997620110069909,8,1.6666666666666667,0,0,0,0.9951182876455126,13,0.2,1,1,0
