,Similarity,Mutations,TT_ratio,Gaps,Insertions,Deletions,CDS_Similarity,CDS_Mutations,CDS_TT_ratio,CDS_Gaps,CDS_Insertions,CDS_Deletions,nonCDS_Similarity,nonCDS_Mutations,nonCDS_TT_ratio,nonCDS_Gaps,nonCDS_Insertions,nonCDS_Deletions
KC545386.1,1.0,0,0,0,0,0,1.0,0,0,0,0,0,1.0,0,0,0,0,0
KT156560.1,0.6796574851859087,9839,0.8130747700919632,770,411,359,0.6840491842365204,9276,0.8138015516537362,392,392,0,0.5845018450184503,563,0.7788461538461539,378,19,359
KP209306.1,0.6796574851859087,9839,0.8134373125374925,770,411,359,0.6840491842365204,9276,0.8141719420053094,392,392,0,0.5845018450184503,563,0.7788461538461539,378,19,359
KJ813439.1,0.6796249267435046,9840,0.8125499600319744,770,411,359,0.6840151231308969,9277,0.813265306122449,392,392,0,0.5845018450184503,563,0.7788461538461539,378,19,359
NC_009019.1,0.6575828612359185,10517,0.7258666666666667,809,349,460,0.6666439592629176,9787,0.7256862388656607,294,294,0,0.46125461254612543,730,0.7338709677419355,515,55,460
