,Similarity,Mutations,TT_ratio,Gaps,Insertions,Deletions,CDS_Similarity,CDS_Mutations,CDS_TT_ratio,CDS_Gaps,CDS_Insertions,CDS_Deletions,nonCDS_Similarity,nonCDS_Mutations,nonCDS_TT_ratio,nonCDS_Gaps,nonCDS_Insertions,nonCDS_Deletions
sequence_2005,1.0,0,0,0,0,0,1.0,0,0,0,0,0,1.0,0,0,0,0,0
sequence_2009_1,0.818001800180018,1011,0.9185336048879837,69,63,6,0.8234395460497599,809,0.8859857482185273,15,15,0,0.7923946557040082,202,1.1142857142857143,54,48,6
sequence_2009_2,0.738973897389739,1450,0.7492917847025495,215,205,10,0.7544740288083807,1125,0.7373417721518988,27,27,0,0.6659815005138746,325,0.8513513513513513,188,178,10
sequence_2009_3,0.7515751575157515,1380,0.8340675477239354,131,117,14,0.7579659537319947,1109,0.8226351351351351,30,30,0,0.7214799588900309,271,0.9101123595505618,101,87,14
sequence_2012,0.9526552655265527,263,0,244,0,244,0.9960715844609341,18,0,0,0,0,0.7482014388489209,245,0,244,0,244
